student_id,first_name,last_name,email
1,Aizhan,Bekova,aizhan@mail.com
2,Daniyar,Askarov,daniyar@mail.com
3,Tilek,Usonov,tilek@mail.com
4,Gulnur,Zhorobekova,gulnur@mail.com
5,Rustam,Sydykov,rustam@mail.com
